,First Name,Last Name,StudentID
0,Quentin,Taylor,S1000
1,Michael,Gonzalez,S1001
2,Julia,Martinez,S1002
3,Tina,Martin,S1003
4,Samuel,Jackson,S1004
5,George,Miller,S1005
6,Fiona,Garcia,S1006
7,Kevin,Hernandez,S1007
8,Paula,Thomas,S1008
9,Victor,Perez,S1009
10,Laura,Lopez,S1010
11,Rachel,Moore,S1011
12,Bob,Johnson,S1012
13,Oliver,Anderson,S1013
14,Wendy,Thompson,S1014
15,Natalie,Wilson,S1015
16,Charlie,Williams,S1016
17,Xavier,White,S1017
18,Emma,Jones,S1018
19,Yvonne,Harris,S1019
20,Hannah,Davis,S1020
21,Ian,Rodriguez,S1021
22,Alice,Smith,S1022
23,David,Brown,S1023
24,Ursula,Lee,S1024
